time1,CAPM10,CAPM2.5,CAPM1,RAPM10,RAPM2.5,RAPM1
23/03/2021 14:00:05,35.2,28.4,25.5,25.6,25,22.3
23/03/2021 14:00:11,37.4,29.2,25.6,27.9,26.8,21.9
23/03/2021 14:00:17,38.5,29.7,25.6,24.7,24.4,22.4
23/03/2021 14:00:23,34.6,30.4,24.6,25.9,25.3,22.3
23/03/2021 14:00:29,34.2,30.2,25.3,25.8,25,23.5
23/03/2021 14:00:35,39.2,30.6,25.4,23.4,23.2,22
23/03/2021 14:00:41,37.8,29,25.3,24.4,23.3,21.4
23/03/2021 14:00:47,33.7,25.3,24.5,22.4,22,20
23/03/2021 14:00:53,37.3,26.9,24.5,23.9,23,20.6
23/03/2021 14:00:59,38.1,25.6,24.1,22.2,22.2,20.6
23/03/2021 14:01:05,35.5,28,24.2,21,21,20.8
23/03/2021 14:01:11,32.4,25.6,24.3,22.6,22.5,20.4
23/03/2021 14:01:17,45.9,28.1,25.1,22.4,21.5,19.9
23/03/2021 14:01:23,37.2,28.8,24.4,23.6,22.9,21.4
23/03/2021 14:01:29,34.8,28.2,24.9,23.6,23.2,20.1
23/03/2021 14:01:35,45.3,28.1,24.3,21.3,21.3,20.3
23/03/2021 14:01:41,28.6,26.1,23.7,22.3,22.1,21.1
23/03/2021 14:01:47,30.5,25,23.5,23.2,22.8,21.3
23/03/2021 14:01:53,34.1,28.1,23.7,23.7,23.3,21.6
23/03/2021 14:01:59,35.3,29.6,24.2,22.9,22.8,21.7
23/03/2021 14:02:05,34.7,28.6,24.1,21.6,21.6,21.1
23/03/2021 14:02:11,37.1,28.3,24.8,24.7,23.7,21.9
23/03/2021 14:02:17,35.5,28.3,24.4,23.6,23,21.7
23/03/2021 14:02:23,41.9,31.7,24.9,26.7,25.6,23.1
23/03/2021 14:02:29,35,27.8,23.4,27.5,25.5,23.4
23/03/2021 14:02:35,34.3,26.3,23.3,27.3,26.2,21.9
23/03/2021 14:02:41,31.6,26.5,23.3,26.9,26.3,24.1
23/03/2021 14:02:47,34.9,24.8,23.5,21.6,21.6,20.8
23/03/2021 14:02:53,34.2,28.6,23.4,21.1,20.7,19.7
23/03/2021 14:02:59,29.3,28,24,20.3,20.2,19.6
23/03/2021 14:03:05,32,29.9,24.9,19.6,19.5,18.9
23/03/2021 14:03:11,29.8,27.6,23.3,19.2,19.2,18.5
23/03/2021 14:03:17,32.1,26.4,22.8,19,19,18.8
23/03/2021 14:03:23,33.7,26.1,23.4,18.5,18.5,18.2
23/03/2021 14:03:29,29.5,25.3,22.6,18.9,18.9,18.7
23/03/2021 14:03:35,34.4,30.8,23.7,19.2,19.2,19.1
23/03/2021 14:03:41,31.2,29.6,25,18.6,18.6,18.5
23/03/2021 14:03:47,36.2,29.4,24,20.3,19.9,18.8
23/03/2021 14:03:53,29.4,24.9,22.8,20.6,20.3,19.1
23/03/2021 14:03:59,31.3,25.9,23.4,19.6,19.4,18.8
23/03/2021 14:04:05,31.8,27,23.3,19.6,19.6,19.5
23/03/2021 14:04:11,29.5,26.4,24,19.7,19.7,19.4
23/03/2021 14:04:17,30.4,27.7,23.2,19.3,19.1,18.6
23/03/2021 14:04:23,31.4,27.4,24.1,19.4,19.4,19.1
23/03/2021 14:04:29,31.5,28.8,23.2,18.7,18.7,18.7
23/03/2021 14:04:35,27.7,24.1,21.9,19.3,19,18.2
23/03/2021 14:04:41,34.2,24.7,22.7,20.2,20,19.1
23/03/2021 14:04:47,37.1,30.6,22.2,18.2,18.2,18.2
23/03/2021 14:04:53,30.7,25.3,22.7,19.3,19.3,19
23/03/2021 14:04:59,38.5,29.3,23.5,18,18,18
23/03/2021 14:05:05,34.6,28.1,22.9,18.7,18.6,18.1
23/03/2021 14:05:11,48.9,27.2,22.4,18.6,18.6,18.4
23/03/2021 14:05:17,32,25.9,21.7,17.6,17.6,17.5
23/03/2021 14:05:23,31.6,24.3,21.8,18,18,17.9
23/03/2021 14:05:29,40.4,25.2,22,17.9,17.9,17.7
23/03/2021 14:05:35,29.6,23.1,22.2,17.7,17.7,17.7
23/03/2021 14:05:41,40.7,27.2,23.5,19,19,18.8
23/03/2021 14:05:47,28.6,25.3,22.1,18.8,18.6,17.7
23/03/2021 14:05:53,31.8,25.8,22.4,17.9,17.9,17.9
23/03/2021 14:05:59,27.2,24.9,22.1,17.8,17.8,17.7
23/03/2021 14:06:05,32.4,27.2,21.7,17.8,17.8,17.5
23/03/2021 14:06:11,29.1,21.7,20.8,17.4,17.4,16.8
23/03/2021 14:06:17,27.7,24,21.1,17.6,17.6,17.5
23/03/2021 14:06:23,27.4,23,21,18.6,18.5,17.7
23/03/2021 14:06:29,27.3,23.1,20.7,18.2,18,17.2
23/03/2021 14:06:35,21,21,20.3,17.7,17.7,17.4
23/03/2021 14:06:41,52.1,24.5,20.8,17.2,17.2,17.1
23/03/2021 14:06:47,42.5,28.4,21.5,16.8,16.8,16.3
23/03/2021 14:06:53,31.8,24.1,21,17.8,17.8,17.3
23/03/2021 14:06:59,38.7,24.2,21.1,16.9,16.9,16.8
23/03/2021 14:07:05,26.5,24,20.4,16.8,16.8,16.1
23/03/2021 14:07:11,29.1,24.2,21.2,16.7,16.7,16.7
23/03/2021 14:07:17,38.8,22.5,20.2,16.8,16.8,16.7
23/03/2021 14:07:23,27.3,24.9,19.9,16.4,16.4,16
23/03/2021 14:07:29,54.5,31.3,21,16.9,16.9,16.8
23/03/2021 14:07:35,45.1,27.4,20.5,16.3,16.3,16.1
23/03/2021 14:07:41,44.7,24,20.7,16,16,16
23/03/2021 14:07:47,63.7,30.7,21.7,16.4,16.4,16
23/03/2021 14:07:53,39.5,25.9,21.3,16,16,16
23/03/2021 14:07:59,36.8,27.1,20.9,18.1,17.7,15.9
23/03/2021 14:08:05,37.7,22.5,20,15.8,15.8,15.7
23/03/2021 14:08:11,32.4,24.2,20.1,16.1,16,15
23/03/2021 14:08:17,26.4,22.6,18.9,16.4,16.4,16
23/03/2021 14:08:23,29.9,25.1,18.6,15.9,15.9,15.9
23/03/2021 14:08:29,33.2,25.3,19.5,15.4,15.4,15.4
23/03/2021 14:08:35,39.8,21.2,19.2,15.4,15.4,15.3
23/03/2021 14:08:41,27.8,20.6,18.4,15.2,15.2,15.2
23/03/2021 14:08:47,28.4,20.9,17.6,15.5,15.5,15.4
23/03/2021 14:08:53,25.3,20.7,17.6,15.7,15.7,15.4
23/03/2021 14:08:59,28.7,22.5,18,15.2,15.2,15.1
23/03/2021 14:09:05,27.2,20.8,17.6,15.3,15.3,15.2
23/03/2021 14:09:11,41.6,20.4,18.4,15.9,15.8,15.3
23/03/2021 14:09:17,27.3,21.3,19.1,14.9,14.9,14.9
23/03/2021 14:09:23,23.6,17.8,16.8,15.1,15.1,14.9
23/03/2021 14:09:29,25.6,20,17.1,15.3,15.3,15.1
23/03/2021 14:09:35,24.8,20.5,17.9,15.5,15.5,15.5
23/03/2021 14:09:41,23.7,20.2,17.9,15.7,15.7,15.6
23/03/2021 14:09:47,27.9,19.9,17.5,15.3,15.3,15.2
23/03/2021 14:09:53,44.9,19,17.2,15.2,15.2,14.8
23/03/2021 14:09:59,31.3,19.9,17.1,14.5,14.4,13.7
23/03/2021 14:10:05,30.7,20,17.6,14.9,14.9,14.7
23/03/2021 14:10:11,36.1,19.7,17.8,14.3,14.3,14.2
23/03/2021 14:10:17,23.9,19.7,16.5,14.8,14.8,14.6
23/03/2021 14:10:23,21.2,19.7,16.8,14.3,14.3,14.2
23/03/2021 14:10:29,24.4,18.6,17.9,14.5,14.5,14.5
23/03/2021 14:10:35,28.7,19.2,16.9,14.6,14.6,14.5
23/03/2021 14:10:41,25.8,18.9,17.4,14.2,14.2,14
23/03/2021 14:10:47,28.4,18.3,16.9,14.4,14.4,14.4
23/03/2021 14:10:53,20.5,18.8,16.9,15.1,15,14.2
23/03/2021 14:10:59,22.8,18.9,16.9,14.6,14.6,14.1
23/03/2021 14:11:05,18.9,17.9,16.6,14,14,13.8
23/03/2021 14:11:11,28.2,18.2,16.5,14.4,14.4,14.3
23/03/2021 14:11:17,26.3,18.6,16.2,14.8,14.8,14.7
23/03/2021 14:11:23,25.7,17.8,16.8,14.1,14.1,14.1
23/03/2021 14:11:29,27.4,17.2,16.2,13.9,13.9,13.9
23/03/2021 14:11:35,26,17.8,16.4,14,14,13.9
23/03/2021 14:11:41,38.3,17.1,15.8,13.7,13.7,13.5
23/03/2021 14:11:47,19.9,16.7,15,13.7,13.7,13.7
23/03/2021 14:11:53,22.4,18.7,16.1,13.5,13.5,13.4
23/03/2021 14:11:59,21.2,19.2,15.4,13.6,13.6,13.2
23/03/2021 14:12:05,21.1,17.6,15.5,13,13,12.8
23/03/2021 14:12:11,19.2,15.8,14.8,13.6,13.6,13.3
23/03/2021 14:12:17,19.5,18.2,15.9,13.2,13.2,13
23/03/2021 14:12:23,26.4,18.8,15.1,13.3,13.3,13.1
23/03/2021 14:12:29,27.6,16.7,14.5,12.8,12.8,12.7
23/03/2021 14:12:35,16.6,16.6,15.8,13.9,13.9,13.1
23/03/2021 14:12:41,25.1,17.2,15.1,13,13,12.9
23/03/2021 14:12:47,20.1,16.9,14.7,13.1,13.1,13
23/03/2021 14:12:53,18.7,15.7,15,14,14,13.5
23/03/2021 14:12:59,20.9,17,15.3,12.4,12.4,12.4
23/03/2021 14:13:05,14.2,14.2,14.1,12.9,12.9,12.8
23/03/2021 14:13:11,17.1,16.7,14.2,12.9,12.9,12.6
23/03/2021 14:13:17,25.5,16.3,13.4,12.9,12.9,12.8
23/03/2021 14:13:23,16.2,15.9,14.7,12.9,12.9,12.9
23/03/2021 14:13:29,18.4,17,14.4,12.6,12.6,12.6
23/03/2021 14:13:35,17.2,16,14.2,12.4,12.4,12.4
23/03/2021 14:13:41,21.4,17.6,15.3,13,13,12.5
23/03/2021 14:13:47,24.4,16.8,14.9,13,13,12.9
23/03/2021 14:13:53,14.5,14.5,14.3,12.1,12.1,12.1
23/03/2021 14:13:59,17.6,15.2,13.5,12.5,12.5,12.3
23/03/2021 14:14:05,16,15.5,14.3,12,12,12
23/03/2021 14:14:11,21.7,13.8,13.1,12.1,12.1,12
23/03/2021 14:14:17,15.9,15.3,13.7,13.7,13.7,12.4
23/03/2021 14:14:23,17.2,15.3,13.8,12.6,12.6,12.1
23/03/2021 14:14:29,18.8,16.4,13.7,11.6,11.6,11.6
23/03/2021 14:14:35,14.7,13.6,13.1,13,12.9,12.2
23/03/2021 14:14:41,17.1,14.7,14,11.9,11.9,11.9
23/03/2021 14:14:47,17.5,15.8,13.8,11.5,11.5,11.3
23/03/2021 14:14:53,17.6,14.5,12.7,11.9,11.9,11.7
23/03/2021 14:14:59,16.1,14.9,13.9,12.2,12.2,11.9
23/03/2021 14:15:05,20.3,15.2,12.5,12,12,12
23/03/2021 14:15:11,14.9,14.3,13.4,11.6,11.6,11.6
23/03/2021 14:15:17,15.6,14.4,13.5,11.5,11.5,11.3
23/03/2021 14:15:23,23.8,13.7,12.8,11.4,11.4,11.3
23/03/2021 14:15:29,19.2,16.6,13.1,12.5,12.5,12.5
23/03/2021 14:15:35,16.9,14.7,12.9,11.8,11.8,11.5
23/03/2021 14:15:41,15.5,14.7,12.7,11.6,11.6,11.6
23/03/2021 14:15:47,15.6,12.4,11.9,11,11,11
23/03/2021 14:15:53,16.3,13.7,12.6,10.9,10.9,10.8
23/03/2021 14:15:59,13.2,13.2,12.4,11.5,11.5,11
23/03/2021 14:16:05,15.2,14,11.9,11.5,11.5,11.2
23/03/2021 14:16:11,17.3,14.3,13.4,11,11,11
23/03/2021 14:16:17,16.5,14,12.9,11,11,11
23/03/2021 14:16:23,12.6,12.6,12.4,11.5,11.5,11.4
23/03/2021 14:16:29,15.7,15.1,13.1,12.5,12.5,11.9
23/03/2021 14:16:35,21.5,14.7,12.6,11.2,11.2,11.2
23/03/2021 14:16:41,15.8,13.7,12.1,11.9,11.8,11.2
23/03/2021 14:16:47,13.6,13.5,12.5,11.3,11.3,11.3
23/03/2021 14:16:53,15.2,13.2,12.2,11.1,11.1,11
23/03/2021 14:16:59,17,13.4,11.8,11.8,11.8,11.4
23/03/2021 14:17:05,14.3,13,11.4,10.7,10.7,10.6
23/03/2021 14:17:11,14.5,13,11.7,10.7,10.7,10.7
23/03/2021 14:17:17,20.5,14.5,12.4,10.4,10.4,10.4
23/03/2021 14:17:23,12.3,12.3,11.8,11.2,11.2,11.1
23/03/2021 14:17:29,24,13.4,11.9,11.4,11.3,10.6
23/03/2021 14:17:35,14,12.4,11.5,10.7,10.7,10.6
23/03/2021 14:17:41,15.6,11.5,11.4,10.8,10.8,10.8
23/03/2021 14:17:47,14,13.4,11.9,10.9,10.9,10.9
23/03/2021 14:17:53,13.6,11.9,10.5,11.4,11.4,11.4
23/03/2021 14:17:59,12.4,12.4,11.6,10.8,10.8,10.7
23/03/2021 14:18:05,18.4,13.4,11.6,10.7,10.7,10.6
23/03/2021 14:18:11,13.8,12.1,11.5,10.8,10.8,10.7
23/03/2021 14:18:17,13.2,12,11.2,11.1,11.1,10.8
23/03/2021 14:18:23,14.1,12.4,11.2,10.7,10.7,10.4
23/03/2021 14:18:29,15.4,12.8,11.3,10.5,10.5,10.5
23/03/2021 14:18:35,14,12.6,11.3,10.3,10.3,10
23/03/2021 14:18:41,13.5,12.7,10.8,10.8,10.7,10.2
23/03/2021 14:18:47,11.3,11.3,11,10.8,10.8,10.7
23/03/2021 14:18:53,13.7,13.3,11.5,11.2,11.1,10.6
23/03/2021 14:18:59,11.4,11.4,11,10,10,9.8
23/03/2021 14:19:05,14.3,13.6,11.9,10.7,10.7,10.7
23/03/2021 14:19:11,12.6,11.9,11.3,10.2,10.2,10.2
23/03/2021 14:19:17,13.8,12.3,11.2,10.9,10.9,10.9
23/03/2021 14:19:23,13.9,13.4,11.7,10.4,10.4,10.3
23/03/2021 14:19:29,13.3,12.5,10.9,10,10,9.7
23/03/2021 14:19:35,14.5,13.2,11.3,10.7,10.7,10.4
23/03/2021 14:19:41,11.3,11.3,10.8,10,10,9.9
23/03/2021 14:19:47,15.4,11.3,9.9,10.8,10.6,10
23/03/2021 14:19:53,10.8,10.8,10.6,9.9,9.9,9.9
23/03/2021 14:19:59,12,11.3,10.1,10.1,10.1,10.1
23/03/2021 14:20:05,12.3,12.1,10.3,9.8,9.8,9.8
23/03/2021 14:20:11,12.7,10.8,10.1,10.3,10.3,10.3
23/03/2021 14:20:17,12.3,10.6,10,10.3,10.3,9.9
23/03/2021 14:20:23,10.4,10.4,10.1,9.9,9.9,9.7
23/03/2021 14:20:29,12.6,10.6,10.2,10.2,10.2,10.2
23/03/2021 14:20:35,12,10.8,10.3,10.2,10.2,9.9
23/03/2021 14:20:41,10.6,9.7,9.2,9.5,9.5,9.4
23/03/2021 14:20:47,12.4,10.5,10,9.3,9.3,9.3
23/03/2021 14:20:53,10.5,10.2,9.6,9.9,9.8,9.3
23/03/2021 14:20:59,9.5,9.5,9.5,10.1,10.1,10
23/03/2021 14:21:05,11.6,9.9,9.1,10.3,10.3,9.9
23/03/2021 14:21:11,10.2,10.2,9.8,9.1,9.1,9.1
23/03/2021 14:21:17,12.9,10.9,10.2,10.8,10.7,10.1
23/03/2021 14:21:23,13.2,11.9,10,9.5,9.5,9.4
23/03/2021 14:21:29,10.9,10,9.6,9.2,9.2,9.1
23/03/2021 14:21:35,10.2,10.2,10,9,9,8.8
23/03/2021 14:21:41,10.7,10.7,10,10.2,10.2,9.9
23/03/2021 14:21:47,10.5,10.5,10.1,9.6,9.6,9.5
23/03/2021 14:21:53,13.3,10.6,9.7,9.4,9.4,9.3
23/03/2021 14:21:59,11.8,10.7,9.3,9.5,9.5,9.5
23/03/2021 14:22:05,10.2,10.2,9.8,9.2,9.2,9.2
23/03/2021 14:22:11,9.8,9.8,9.2,10.2,10.1,9.5
23/03/2021 14:22:17,11.2,11,9.7,9.2,9.2,9
23/03/2021 14:22:23,9.4,9.4,9.4,9.2,9.2,9.2
23/03/2021 14:22:29,11.8,10.7,9.7,8.8,8.8,8.7
23/03/2021 14:22:35,13.4,11.5,9.9,9.3,9.3,9.3
23/03/2021 14:22:41,14.3,11.9,10,9.2,9.2,9.1
23/03/2021 14:22:47,12.7,12.1,9.7,9.5,9.5,9.5
23/03/2021 14:22:53,13.3,12.5,9.5,9.1,9.1,9.1
23/03/2021 14:22:59,26.2,10.2,9.1,9.7,9.6,9.2
23/03/2021 14:23:05,30.2,12,9.8,9.4,9.4,9.4
23/03/2021 14:23:11,23.8,12.4,9.1,9.1,9.1,9.1
23/03/2021 14:23:17,16.6,10.5,9.3,10,9.9,9.4
23/03/2021 14:23:23,15.3,12.8,9.1,9.8,9.8,9.2
23/03/2021 14:23:29,17.5,12.5,9.4,9.2,9.2,9.2
23/03/2021 14:23:35,14.9,9.7,9.1,9.4,9.4,9.4
23/03/2021 14:23:41,9.9,9.9,9.6,9.2,9.2,9.1
23/03/2021 14:23:47,22.1,10.7,9,8.8,8.8,8.8
23/03/2021 14:23:53,20.9,10.2,8.5,9.1,9.1,9.1
23/03/2021 14:23:59,9,9,8.7,9,9,8.9
23/03/2021 14:24:05,9.2,9.2,9.1,8.8,8.8,8.7
23/03/2021 14:24:11,9.7,9.5,8.3,8.9,8.9,8.9
23/03/2021 14:24:17,14.6,11,8.5,9.2,9.2,9.2
23/03/2021 14:24:23,13.7,9.5,8.8,9.5,9.5,9.5
23/03/2021 14:24:29,19.1,11.9,8.1,8.9,8.9,8.9
23/03/2021 14:24:35,8.1,8.1,8,8.8,8.8,8.8
23/03/2021 14:24:41,9,9,8.4,8.6,8.6,8.6
23/03/2021 14:24:47,11.8,8.9,8.4,9.3,9.3,9.3
23/03/2021 14:24:53,12.6,10.6,9.2,9,9,9
23/03/2021 14:24:59,12.2,10.2,9,8.3,8.3,8.3
23/03/2021 14:25:05,16.8,11.4,9.5,8.7,8.7,8.7
23/03/2021 14:25:11,17.7,9.3,8.3,9.1,9.1,8.8
23/03/2021 14:25:17,18.1,9.8,8.6,9,9,8.7
23/03/2021 14:25:23,9.5,8.7,8.3,8.5,8.5,8.5
23/03/2021 14:25:29,11.6,9.7,9,8.9,8.9,8.9
23/03/2021 14:25:35,14.3,9.2,8.3,8.5,8.5,8.2
23/03/2021 14:25:41,9.2,9.2,8.9,8.5,8.5,8.3
23/03/2021 14:25:47,10.4,9.9,8.2,8.7,8.7,8.7
23/03/2021 14:25:53,15.6,8.6,8.3,8.9,8.9,8.8
23/03/2021 14:25:59,9.1,9.1,8.8,8.5,8.5,8.3
23/03/2021 14:26:05,11.6,9.4,8.2,8.5,8.5,8.4
23/03/2021 14:26:11,14.2,9.7,8.6,8.8,8.8,8.7
23/03/2021 14:26:17,17.3,10.1,9.2,8.6,8.6,8.4
23/03/2021 14:26:23,15.2,10.4,8.7,8.4,8.4,8.4
23/03/2021 14:26:29,14.2,9.5,8.5,8.5,8.5,8.4
23/03/2021 14:26:35,11.9,10.2,8.6,8.9,8.9,8.8
23/03/2021 14:26:41,12.2,8.9,8.3,8.6,8.6,8.5
23/03/2021 14:26:47,14.3,9.5,8.6,8.5,8.5,8.5
23/03/2021 14:26:53,14.9,11.7,8.6,8.5,8.5,8.5
23/03/2021 14:26:59,11.9,11,8.7,9.3,9.3,8.8
23/03/2021 14:27:05,8.9,8.9,8.5,8.6,8.6,8.3
23/03/2021 14:27:11,11.4,8.7,8.4,8.5,8.5,8
23/03/2021 14:27:17,9.4,9.3,8.4,8.8,8.8,8.7
23/03/2021 14:27:23,16.2,9.9,8.5,8.1,8.1,8.1
23/03/2021 14:27:29,14.1,10.2,8.1,8.4,8.4,8.1
23/03/2021 14:27:35,11.7,10.5,8.4,8.1,8.1,8
23/03/2021 14:27:41,8.8,8.8,8.5,8.2,8.2,8
23/03/2021 14:27:47,8.3,8.3,8,8.3,8.3,8.3
23/03/2021 14:27:53,8.9,8.9,8.5,8,8,8
23/03/2021 14:27:59,14.2,8.5,8.1,8,8,8
23/03/2021 14:28:05,12.7,7.8,7.8,8.2,8.2,8
23/03/2021 14:28:11,10.5,9.3,8.3,8.4,8.4,8.4
23/03/2021 14:28:17,10.8,10.2,8.1,8.7,8.7,8.7
23/03/2021 14:28:23,10.6,9.4,8.2,8.5,8.5,8.4
23/03/2021 14:28:29,10.4,9.3,8.7,8,8,8
23/03/2021 14:28:35,11.2,8.8,7.6,8.4,8.4,8.1
23/03/2021 14:28:41,9.2,8.7,7.9,8.2,8.2,8.2
23/03/2021 14:28:47,13.9,8.9,7.3,7.9,7.9,7.5
23/03/2021 14:28:53,12.8,9.3,7.3,8.5,8.4,7.8
23/03/2021 14:28:59,8.7,8.4,7,8.3,8.3,8.2
23/03/2021 14:29:05,12.2,9.5,7.5,8.4,8.4,8.3
23/03/2021 14:29:11,12.9,10.3,7.6,7.5,7.5,7.5
23/03/2021 14:29:17,8.6,8.6,8,8,8,8
23/03/2021 14:29:23,16.6,9.5,8.3,8.8,8.8,8.2
23/03/2021 14:29:29,12,10.1,7.8,7.9,7.9,7.8
23/03/2021 14:29:35,9.2,8.3,7.3,7.9,7.9,7.9
23/03/2021 14:29:41,11.5,9.4,7.6,8.4,8.4,8.2
23/03/2021 14:29:47,10.3,8.2,7.5,7.4,7.4,7.4
23/03/2021 14:29:53,9.3,8.9,8.1,8.6,8.6,8.3
23/03/2021 14:29:59,9.6,7.9,7.5,8.1,8.1,8.1
23/03/2021 14:30:05,12.7,10.2,7.3,8.1,8.1,7.9
23/03/2021 14:30:11,10.4,8.8,7.6,7.8,7.8,7.7
23/03/2021 14:30:17,9.8,8.8,7.1,7.6,7.6,7.6
23/03/2021 14:30:23,11.3,10.6,7.5,7,7,7
23/03/2021 14:30:29,8.2,8.2,7.8,8.1,8.1,7.9
23/03/2021 14:30:35,9.8,8,7.4,7.4,7.4,7.4
23/03/2021 14:30:41,8,8,7.7,9,8.9,8.3
23/03/2021 14:30:47,11.3,9.9,8,7.7,7.7,7.7
23/03/2021 14:30:53,7.8,7.8,7.1,7.3,7.3,7.3
23/03/2021 14:30:59,10,8.1,7.3,8.2,8.2,7.6
23/03/2021 14:31:05,14.5,8.2,7.6,8,8,7.9
23/03/2021 14:31:11,10.2,8.5,7.6,8.3,8.3,7.6
23/03/2021 14:31:17,12.7,8.5,7.5,8.7,8.5,7.9
23/03/2021 14:31:23,8.2,8.2,7.9,8.1,8.1,7.8
23/03/2021 14:31:29,8.3,8,7.4,8.1,8.1,7.7
23/03/2021 14:31:35,11.3,8.9,8.2,7.8,7.8,7.7
23/03/2021 14:31:41,9.7,7.9,7.4,8.4,8.4,8.1
23/03/2021 14:31:47,9.2,7.8,7.2,7.6,7.6,7.6
23/03/2021 14:31:53,8.2,8.1,7.4,8.2,7.8,7.1
23/03/2021 14:31:59,10.2,9.4,7.4,7.6,7.6,7.6
23/03/2021 14:32:05,8.4,8.4,7.3,7.8,7.8,7.8
23/03/2021 14:32:11,7.6,7.6,7.3,7.3,7.3,7.2
23/03/2021 14:32:17,11.1,8,7.3,8.1,8.1,7.8
23/03/2021 14:32:23,10.4,9.3,6.9,8.1,8.1,7.8
23/03/2021 14:32:29,10.1,8.8,7.1,7.5,7.5,7.5
23/03/2021 14:32:35,9.7,9,7.2,7.6,7.6,7.6
23/03/2021 14:32:41,8.5,8.3,7.5,7.7,7.7,7.7
23/03/2021 14:32:47,11.3,9.9,7.6,7.8,7.8,7.7
23/03/2021 14:32:53,8.5,8.2,7.1,8,8,7.9
23/03/2021 14:32:59,10,8.9,7.2,7.8,7.8,7.5
23/03/2021 14:33:05,9.3,7.9,7.3,8,8,7.6
23/03/2021 14:33:11,9.5,9,7.1,7.2,7.2,7.2
23/03/2021 14:33:17,6.8,6.8,6.8,8.4,8.3,7.7
23/03/2021 14:33:23,14.1,11.7,7.5,8.3,8.2,7.5
23/03/2021 14:33:29,7.3,7.3,7,7.3,7.3,7.1
23/03/2021 14:33:35,7.7,7.7,7.1,7.1,7.1,7
23/03/2021 14:33:41,20.5,9.7,7,7.3,7.3,7.3
23/03/2021 14:33:47,53.9,13.9,7.2,7.1,7.1,7.1
23/03/2021 14:33:53,31,9.3,7.2,6.7,6.7,6.6
23/03/2021 14:33:59,15.9,9.7,7.1,7.3,7.3,7.2
23/03/2021 14:34:05,21.5,10.1,6.9,6.9,6.9,6.8
23/03/2021 14:34:11,16,8.6,6.7,8.2,8,7.5
23/03/2021 14:34:17,33.6,11.5,7.5,7.3,7.3,7.3
23/03/2021 14:34:23,44.3,9.8,7.1,7.5,7.5,7.1
23/03/2021 14:34:29,12.8,9.3,7,7.4,7.4,7.3
23/03/2021 14:34:35,7.2,7.2,6.8,7.4,7.4,6.9
23/03/2021 14:34:41,15.4,7.3,6.7,7.2,7.2,7.1
23/03/2021 14:34:47,15.3,7.8,6.7,7.3,7.3,7.1
23/03/2021 14:34:53,10.4,7.7,6.9,7.2,7.2,7.2
23/03/2021 14:34:59,14.7,8.5,6.8,7.6,7.6,7.3
23/03/2021 14:35:05,15.7,8.6,7.6,7.3,7.3,7.1
23/03/2021 14:35:11,13.1,8.6,7.3,7.2,7.2,7.2
23/03/2021 14:35:17,13.3,7.6,6.9,6.9,6.9,6.9
23/03/2021 14:35:23,15,8.5,7,7.6,7.6,7.5
23/03/2021 14:35:29,7.2,7.2,7,7,7,6.8
23/03/2021 14:35:35,7.5,7.5,7.1,7.3,7.3,7.2
23/03/2021 14:35:41,11.2,9.3,7.4,7.3,7.3,7.2
23/03/2021 14:35:47,14.6,8.9,7.2,7.6,7.6,7.5
23/03/2021 14:35:53,9.3,8.2,7.1,7.2,7.2,7.1
23/03/2021 14:35:59,8.8,7.7,6.2,7.3,7.3,7.2
23/03/2021 14:36:05,12.7,9.2,7,7.1,7.1,7.1
23/03/2021 14:36:11,9.7,7.1,6.5,7.1,7.1,7.1
23/03/2021 14:36:17,7.8,7.8,7.4,7.2,7.2,7
23/03/2021 14:36:23,11.4,8.3,7.3,7,7,7
23/03/2021 14:36:29,11,7.6,6.9,7.1,7.1,7
23/03/2021 14:36:35,9.9,9,6.8,6.6,6.6,6.6
23/03/2021 14:36:41,6.9,6.9,6.7,7.3,7.2,6.6
23/03/2021 14:36:47,9.5,8.5,6.2,7.6,7.5,6.9
23/03/2021 14:36:53,10.3,7.5,6.8,8.9,8.5,6.5
23/03/2021 14:36:59,6.6,6.6,6.4,8.8,8.6,7
23/03/2021 14:37:05,8.3,7.8,7,7.9,7.9,7.4
23/03/2021 14:37:11,11,7.5,6.4,7.1,7.1,6.8
23/03/2021 14:37:17,10.3,9.3,6.7,6.5,6.5,6.4
23/03/2021 14:37:23,18.2,9.2,7,8.1,8,7.3
23/03/2021 14:37:29,14.1,8.8,7.2,7.2,7.2,7.1
23/03/2021 14:37:35,9.7,8.5,6.8,7.1,7.1,7
23/03/2021 14:37:41,13.9,8.1,6.6,6.7,6.7,6.6
23/03/2021 14:37:47,19.7,8.5,6.4,7,7,7
23/03/2021 14:37:53,14.3,7.7,6.9,6.8,6.8,6.7
23/03/2021 14:37:59,26.9,9.5,7,7.5,7.4,7
23/03/2021 14:38:05,11.7,9.6,6.8,7.3,7.3,7.2
23/03/2021 14:38:11,11.8,7,6.6,7,7,7
23/03/2021 14:38:17,17.7,7.9,6.4,6.8,6.8,6.8
23/03/2021 14:38:23,12.6,7.5,6.6,7.4,7.4,7
23/03/2021 14:38:29,12.9,8.5,6.5,7.1,7.1,7.1
23/03/2021 14:38:35,12.4,8.6,6.8,6.9,6.9,6.9
23/03/2021 14:38:41,6.6,6.6,6.3,6.8,6.8,6.5
23/03/2021 14:38:47,17.9,7.6,6.5,7,7,7
23/03/2021 14:38:53,11.2,9.3,6.7,7.1,7.1,7.1
23/03/2021 14:38:59,12.1,8,6.8,7.2,7.2,7.1
23/03/2021 14:39:05,14,9.1,7,6.8,6.8,6.8
23/03/2021 14:39:11,11.4,9.3,7.1,7.4,7.4,6.8
23/03/2021 14:39:17,6.9,6.9,6.3,7.3,7.3,6.9
23/03/2021 14:39:23,13.5,7.8,6.6,7.3,7.3,6.8
23/03/2021 14:39:29,14,10.5,6.7,7.4,7.4,7.2
23/03/2021 14:39:35,14.4,9.1,7.7,6.9,6.9,6.8
23/03/2021 14:39:41,12.9,10.6,8,7,7,6.9
23/03/2021 14:39:47,14.8,10.2,7.8,7.3,7.2,6.5
23/03/2021 14:39:53,23.3,12.4,9.5,7.3,7.3,6.7
23/03/2021 14:39:59,20,9.5,8.9,6.5,6.5,6.5
23/03/2021 14:40:05,21,10.9,7.9,7.8,7.8,7.2
23/03/2021 14:40:11,17,8.9,8.1,6.6,6.6,6.6
23/03/2021 14:40:17,17.6,11.5,7.6,6.5,6.5,6.5
23/03/2021 14:40:23,9.2,8.1,6.6,6.8,6.8,6.8
23/03/2021 14:40:29,12.8,11.2,7.2,7.2,7.2,6.9
23/03/2021 14:40:35,7.1,7.1,6.7,6.9,6.9,6.9
23/03/2021 14:40:41,15.6,6.8,6.6,7.1,7.1,7.1
23/03/2021 14:40:47,18.8,13,7.4,6.7,6.7,6.6
23/03/2021 14:40:53,15.1,11.7,7,6.4,6.4,6.4
23/03/2021 14:40:59,14.7,10.4,7.5,6.9,6.8,6.3
23/03/2021 14:41:05,14,9.1,7.1,6.8,6.8,6.7
23/03/2021 14:41:11,20.1,11.5,7.4,6.6,6.6,6.3
23/03/2021 14:41:17,13.1,10.7,7.5,7.2,7,6.5
23/03/2021 14:41:23,27.4,12.1,7.3,6.9,6.9,6.7
23/03/2021 14:41:29,13.6,9.5,7.2,6.6,6.6,6.6
23/03/2021 14:41:35,8,8,7.6,6.3,6.3,6.3
23/03/2021 14:41:41,18.2,13.8,8.5,6.9,6.9,6.7
23/03/2021 14:41:47,14.4,8.8,7.1,6.6,6.6,6.6
23/03/2021 14:41:53,20.2,10.6,7.7,7.1,7.1,7.1
23/03/2021 14:41:59,22,8.7,7.1,7,7,7
23/03/2021 14:42:05,14.5,9.9,7.2,6.6,6.6,6.5
23/03/2021 14:42:11,16,13,7.7,6.9,6.9,6.9
23/03/2021 14:42:17,21,10.9,7.8,6.3,6.3,6.3
23/03/2021 14:42:23,21.6,10.1,7.7,6.8,6.8,6.8
23/03/2021 14:42:29,20.3,11.9,7.6,7.2,7.2,6.9
23/03/2021 14:42:35,10.6,9.1,7.3,6.6,6.6,6.4
23/03/2021 14:42:41,12.9,9.6,7.1,7,7,7
23/03/2021 14:42:47,15.7,8.2,6.9,7,7,6.8
23/03/2021 14:42:53,23,8.8,6.6,6.9,6.9,6.8
23/03/2021 14:42:59,12.2,10.9,6.4,7.9,7.8,6.7
23/03/2021 14:43:05,15.3,9,7.3,6.8,6.8,6.7
23/03/2021 14:43:11,11.1,8.8,6.9,6.4,6.4,6.4
23/03/2021 14:43:17,28.7,12.4,7.5,6.8,6.8,6.8
23/03/2021 14:43:23,14,7.4,6.5,7,7,6.9
23/03/2021 14:43:29,17.2,11.9,6.4,6.7,6.7,6.7
23/03/2021 14:43:35,13.8,9.8,6.2,6.6,6.6,6.5
23/03/2021 14:43:41,17.4,6.6,6.1,6.5,6.5,6.5
23/03/2021 14:43:47,14.8,10.3,6.6,6.8,6.8,6.7
23/03/2021 14:43:53,13.2,7.6,6.6,6.4,6.4,6.4
23/03/2021 14:43:59,10.6,6.2,5.8,6.8,6.8,6.8
23/03/2021 14:44:05,15.6,8.8,6.5,6.6,6.6,6.6
23/03/2021 14:44:11,18,8.9,6.6,6.6,6.6,6.5
23/03/2021 14:44:17,7.4,7.4,6.5,6.9,6.9,6.8
23/03/2021 14:44:23,10.8,8.7,6.4,6.5,6.5,6.5
23/03/2021 14:44:29,14.3,7.3,6.6,7.4,7.2,6.5
23/03/2021 14:44:35,15.2,9.2,6.6,6.5,6.5,6.4
23/03/2021 14:44:41,9.9,7.3,6.8,6.5,6.5,6.5
23/03/2021 14:44:47,9.3,7.8,6.4,6.5,6.5,6.4
23/03/2021 14:44:53,15.6,8.2,6.4,6.6,6.6,6.4
23/03/2021 14:44:59,16.8,8,6.1,6.7,6.7,6.7
23/03/2021 14:45:05,9.5,6.8,6.2,7.4,7.4,7.3
23/03/2021 14:45:11,9.9,8.8,6.7,6.9,6.9,6.7
23/03/2021 14:45:17,12.5,8.1,6.1,6.4,6.4,6.1
23/03/2021 14:45:23,8.6,8.4,6.7,6.6,6.6,6.3
23/03/2021 14:45:29,14.5,7.6,5.8,6.5,6.5,6.5
23/03/2021 14:45:35,13.4,7.9,5.8,7.2,7.2,7
23/03/2021 14:45:41,6.2,6.2,6.1,7.4,7.4,7.2
23/03/2021 14:45:47,10.3,5.5,5.5,6.9,6.9,6.7
23/03/2021 14:45:53,17.7,7.9,5.6,6.8,6.8,6.7
23/03/2021 14:45:59,6.1,6.1,5.8,7.3,7.3,6.8
23/03/2021 14:46:05,12.8,7.9,6.6,6.8,6.8,6.4
23/03/2021 14:46:11,6.3,6.3,6,6.4,6.4,6.4
23/03/2021 14:46:17,8.5,7,6.5,7.2,7,6.4
23/03/2021 14:46:23,9.6,6.2,5.6,6.2,6.2,6.1
23/03/2021 14:46:29,8.3,7.3,6.2,7.2,7.2,6.5
23/03/2021 14:46:35,10,7,5.6,6.3,6.3,6.2
23/03/2021 14:46:41,11.5,8.5,6.3,6.5,6.5,6.5
23/03/2021 14:46:47,18.5,11.9,6.4,6.6,6.6,6.5
23/03/2021 14:46:53,18,9.1,6.6,6.3,6.3,6.3
23/03/2021 14:46:59,31,8.4,6.2,6.3,6.3,6.1
23/03/2021 14:47:05,35.4,11.2,6.2,7,7,7
23/03/2021 14:47:11,36.8,11.2,6.5,6.8,6.8,6.8
23/03/2021 14:47:17,26.8,11.1,6.1,6.9,6.8,6.3
23/03/2021 14:47:23,27.5,12.6,6.1,6.7,6.7,6.4
23/03/2021 14:47:29,30.9,8.3,6.1,6.8,6.8,6.8
23/03/2021 14:47:35,22.1,10.2,6.5,6.7,6.7,6.6
23/03/2021 14:47:41,21,10.6,6.1,7.1,7.1,6.8
23/03/2021 14:47:47,27.8,9.1,5.6,6.7,6.7,6.4
23/03/2021 14:47:53,28,9.3,5.6,6,6,6
23/03/2021 14:47:59,27.9,7.8,5.7,6.4,6.4,6.4
23/03/2021 14:48:05,25.4,8.4,5.7,6.5,6.5,6.4
23/03/2021 14:48:11,16.7,7.4,5.6,6.3,6.3,6.3
23/03/2021 14:48:17,29.5,8.8,5.4,6.6,6.6,6.6
23/03/2021 14:48:23,21.2,8.9,5.9,6.7,6.7,6.7
23/03/2021 14:48:29,19.4,9.8,6.3,6.9,6.9,6.6
23/03/2021 14:48:35,19.3,9.2,6.4,6.1,6.1,5.9
23/03/2021 14:48:41,19.4,9.1,5.8,6.5,6.5,6.3
23/03/2021 14:48:47,40.6,7.9,6,7.1,7.1,7.1
23/03/2021 14:48:53,18.3,8.3,6.2,6.6,6.6,6.6
23/03/2021 14:48:59,13.6,6.6,5.5,6.3,6.3,6.3
23/03/2021 14:49:05,16,11.6,5.9,6.7,6.4,5.8
23/03/2021 14:49:11,12,6.7,5.3,6.1,6.1,6.1
23/03/2021 14:49:17,14.4,7,5.4,5.9,5.9,5.9
23/03/2021 14:49:23,14.5,7.8,6.1,6.6,6.6,6.6
23/03/2021 14:49:29,18.8,7.4,5.7,6.1,6.1,6.1
23/03/2021 14:49:35,23.1,9.8,5.8,5.9,5.9,5.9
23/03/2021 14:49:41,15,7,5.7,6.7,6.7,6.7
23/03/2021 14:49:47,17.6,8,6.2,6.2,6.2,6.1
23/03/2021 14:49:53,17.9,8.8,5.8,6,6,6
23/03/2021 14:49:59,18.9,8.2,6,6.1,6.1,6.1
23/03/2021 14:50:05,20.9,9.2,5.5,6.1,6.1,6.1
23/03/2021 14:50:11,11.6,8.2,5.6,6.3,6.3,6.2
23/03/2021 14:50:17,19.5,9.3,5.6,6.4,6.4,6.4
23/03/2021 14:50:23,13.5,7,5.8,6.3,6.3,6.3
23/03/2021 14:50:29,15,9.1,6,6.5,6.5,6.5
23/03/2021 14:50:35,13.8,8.9,5.4,6.7,6.7,6.6
23/03/2021 14:50:41,8.9,6.4,5.9,6.3,6.3,6.3
23/03/2021 14:50:47,10.5,8.2,5.4,7,7,6.2
23/03/2021 14:50:53,15.8,7.5,5.8,6.5,6.5,6.5
23/03/2021 14:50:59,8.3,7,5.4,6.7,6.7,6.5
23/03/2021 14:51:05,11,6.6,6,5.8,5.8,5.8
23/03/2021 14:51:11,15.1,9.3,5.7,5.7,5.7,5.7
23/03/2021 14:51:17,8.7,7.5,5.5,5.9,5.9,5.9
23/03/2021 14:51:23,12.1,7.7,5.8,6.1,6.1,5.7
23/03/2021 14:51:29,14.3,6.4,5.3,6.1,6.1,6.1
23/03/2021 14:51:35,12.2,6.7,5.6,6.2,6.2,6
23/03/2021 14:51:41,18.3,8.2,5.5,6.2,6.2,5.9
23/03/2021 14:51:47,13.6,6.5,5.2,5.9,5.9,5.9
23/03/2021 14:51:53,21.6,6,5.6,6.3,6.3,6.2
23/03/2021 14:51:59,13,7.6,5.7,6.2,6.2,6
23/03/2021 14:52:05,13.6,6.6,5.3,6.1,6.1,6.1
23/03/2021 14:52:11,16,9,5.8,6,6,5.9
23/03/2021 14:52:17,17.3,7.2,5.5,6.7,6.6,6
23/03/2021 14:52:23,12.2,7.9,5.6,6.1,6.1,6.1
23/03/2021 14:52:29,16.6,7.7,5.6,5.7,5.7,5.7
23/03/2021 14:52:35,12.9,8.5,5.8,7.3,7.2,6.3
23/03/2021 14:52:41,11.4,8.4,5.6,6.4,6.4,6.2
23/03/2021 14:52:47,15,8.1,5.5,6.1,6.1,6
23/03/2021 14:52:53,25.7,9,6.2,6.2,6.2,6.2
23/03/2021 14:52:59,13.8,7.8,5.8,7,6.9,6.3
23/03/2021 14:53:05,10.8,9.3,5.9,6.1,6.1,6.1
23/03/2021 14:53:11,9.4,5.8,5.2,6.1,6.1,6.1
23/03/2021 14:53:17,14.1,8,5.7,5.7,5.7,5.7
23/03/2021 14:53:23,11.8,9.1,5.6,5.9,5.9,5.9
23/03/2021 14:53:29,11.1,7.8,5.7,6.3,6.3,6
23/03/2021 14:53:35,7.2,6.5,4.9,6.3,6.3,6.3
23/03/2021 14:53:41,7.3,6.9,5.6,6.1,6.1,5.9
23/03/2021 14:53:47,9.8,6.7,5.3,6.5,6.5,6.4
23/03/2021 14:53:53,10.6,7.5,5.5,6.1,6.1,5.9
23/03/2021 14:53:59,8.3,6.4,5.5,6.8,6.8,6.7
23/03/2021 14:54:05,5.4,5.4,5.3,6.1,6.1,5.9
23/03/2021 14:54:11,12.8,6.1,5.2,6.3,6.3,6.3
23/03/2021 14:54:17,9.9,8.1,5.6,6.9,6.8,6.2
23/03/2021 14:54:23,10.2,7.1,5.2,6.4,6.4,6.3
23/03/2021 14:54:29,7.1,6.7,5.8,6.2,6.2,6.1
23/03/2021 14:54:35,9.1,7.1,5.6,6.5,6.5,6.5
23/03/2021 14:54:41,10.4,6.2,5.4,6.8,6.7,6.1
23/03/2021 14:54:47,7.1,6,5.1,6.1,6.1,6
23/03/2021 14:54:53,8.9,7.2,5.2,6,6,6
23/03/2021 14:54:59,9.1,8.1,5.2,6.1,6.1,6.1
23/03/2021 14:55:05,7.5,6.6,5.6,6.2,6.2,6.2
23/03/2021 14:55:11,11.2,8.1,5.6,6.2,6.2,6.2
23/03/2021 14:55:17,12.4,9.1,5.6,6,6,6
23/03/2021 14:55:23,10.3,9.2,5.8,6.1,6.1,6
23/03/2021 14:55:29,6,6,5.6,5.5,5.5,5.5
23/03/2021 14:55:35,7.1,6.5,5.3,5.7,5.7,5.7
23/03/2021 14:55:41,10.2,8.6,5.7,6.3,6.3,6.2
23/03/2021 14:55:47,9.9,5.8,5.5,6.6,6.6,6.5
23/03/2021 14:55:53,13.3,5.9,5.5,6.2,6.2,6.1
23/03/2021 14:55:59,9.3,6.4,5.1,6.3,6.2,5.8
23/03/2021 14:56:05,11.2,5.7,5.3,6.8,6.7,6.1
23/03/2021 14:56:11,18.7,6.1,4.9,6.2,6.2,6.1
23/03/2021 14:56:17,11.1,7.3,5.2,6.1,6,5.6
23/03/2021 14:56:23,10,8.1,5.5,6.6,6.6,6.1
23/03/2021 14:56:29,11.2,6.9,5.1,6.2,6.2,6.2
23/03/2021 14:56:36,9.1,6.7,5.8,6.3,6.3,6.1
23/03/2021 14:56:41,14,8.5,5.7,6.1,6.1,6.1
23/03/2021 14:56:47,5.5,5.5,5.3,6,6,5.7
23/03/2021 14:56:53,10.8,7.8,5.5,5.7,5.7,5.7
23/03/2021 14:56:59,6.5,5.9,4.9,6.1,6.1,6
23/03/2021 14:57:05,13.9,7,5.9,5.8,5.8,5.8
23/03/2021 14:57:11,12,8.2,5.3,6.2,6.2,5.9
23/03/2021 14:57:17,9.1,6.1,5.2,6,6,5.9
23/03/2021 14:57:23,8.4,5.3,5,5.6,5.6,5.6
23/03/2021 14:57:29,18.4,5.6,5.6,6.3,6.3,6.3
23/03/2021 14:57:35,5.8,5.8,5.2,6,6,5.8
23/03/2021 14:57:41,7.4,6.2,5.5,5.9,5.9,5.9
23/03/2021 14:57:47,9,6.7,5.2,6,6,5.9
23/03/2021 14:57:53,9.9,6.9,5.1,5.6,5.6,5.6
23/03/2021 14:57:59,15.2,7.4,5.3,5.7,5.7,5.7
23/03/2021 14:58:05,10.2,8.7,5,6.5,6.4,6
23/03/2021 14:58:11,13.4,5.3,4.9,5.9,5.9,5.8
23/03/2021 14:58:17,7.9,5.9,5.2,6.1,6.1,6.1
23/03/2021 14:58:23,9.1,5.5,5.2,6,6,6
23/03/2021 14:58:29,5.9,5.9,5.6,5.9,5.9,5.8
23/03/2021 14:58:35,9.5,7.2,5.1,6.6,6.6,6.2
23/03/2021 14:58:41,9.4,6.5,5,6,6,5.9
23/03/2021 14:58:47,9.4,5.4,5.4,5.9,5.9,5.8
23/03/2021 14:58:53,11,6.6,5.6,6,6,6
23/03/2021 14:58:59,7.6,6.5,5.4,6.2,6.2,6.2
23/03/2021 14:59:05,5.1,5.1,5.1,6.4,6.4,6
23/03/2021 14:59:11,15.6,7.2,5.3,5.9,5.9,5.9
23/03/2021 14:59:17,10.6,6.6,5.3,6,6,6
23/03/2021 14:59:23,12.2,7.1,5.7,5.7,5.7,5.7
23/03/2021 14:59:29,15.6,7,5.7,6.3,6.3,6
23/03/2021 14:59:35,8.4,6,5.5,5.9,5.9,5.9
23/03/2021 14:59:41,5.3,5.3,5.3,6,6,6
23/03/2021 14:59:47,9.1,5.8,5.4,6.2,6.2,6.2
23/03/2021 14:59:53,9.3,7.9,5.4,6.5,6.5,6.4
23/03/2021 14:59:59,9.5,7.4,5.7,6,6,6
23/03/2021 15:00:05,7.1,6.2,5.4,5.9,5.9,5.9
23/03/2021 15:00:11,9.1,6.6,5.4,6.1,6.1,6.1
23/03/2021 15:00:17,8.8,5.7,5.4,5.8,5.8,5.8
23/03/2021 15:00:23,9.8,6.5,5.2,5.9,5.9,5.9
23/03/2021 15:00:29,7.8,6.2,5.5,6.5,6.5,6.2
23/03/2021 15:00:35,10.2,6.8,5.5,6.9,6.9,6.6
23/03/2021 15:00:41,6,5.8,5,6.3,6.3,6.1
23/03/2021 15:00:47,7.2,5.9,5.1,6.1,6.1,6
23/03/2021 15:00:53,14,7,5.3,5.9,5.9,5.9
23/03/2021 15:00:59,9.1,7.2,5.6,7,6.9,6.3
23/03/2021 15:01:05,9.7,5.8,5.2,6.2,6.2,6
23/03/2021 15:01:11,7.2,6.8,5.8,6.1,6.1,5.7
23/03/2021 15:01:17,9.8,6.8,5.8,6,6,5.9
23/03/2021 15:01:23,10.1,7.1,5.4,6.3,6.3,6.3
23/03/2021 15:01:29,5,5,4.8,6,6,6
23/03/2021 15:01:35,10.3,6.3,5.5,6,6,5.9
23/03/2021 15:01:41,11.3,7.7,5.1,6.4,6.4,6.3
23/03/2021 15:01:47,6.1,5.6,4.9,5.6,5.6,5.6
23/03/2021 15:01:53,9.1,8,5.6,5.9,5.9,5.9
23/03/2021 15:01:59,5.5,5.5,5.2,5.9,5.9,5.9
23/03/2021 15:02:05,8.1,6.8,5.7,6,6,5.8
23/03/2021 15:02:11,7.8,7.3,5.5,6.3,6.3,6.3
23/03/2021 15:02:17,6.9,6.7,5.1,6.2,6.2,6
23/03/2021 15:02:23,8.5,7.2,5.6,5.7,5.7,5.5
23/03/2021 15:02:29,7.8,5.8,5.4,5.8,5.8,5.8
23/03/2021 15:02:35,14.6,6.7,5.5,5.7,5.7,5.6
23/03/2021 15:02:41,9.3,6.7,5.3,6.3,6.3,6.2
23/03/2021 15:02:47,7,6.6,5.4,6.5,6.5,6.3
23/03/2021 15:02:53,9.9,7.6,5.3,6.9,6.7,6
23/03/2021 15:02:59,7.8,6,5.3,6,6,5.9
23/03/2021 15:03:05,9.6,6.1,5.2,5.8,5.8,5.8
23/03/2021 15:03:11,6.5,6.2,5.4,6.9,6.8,5.8
23/03/2021 15:03:17,5.5,5.5,5.3,6.2,6.2,6
23/03/2021 15:03:23,9.2,6.8,5.2,5.9,5.9,5.9
23/03/2021 15:03:29,11.1,7.9,5.6,6.2,6.2,6.2
23/03/2021 15:03:35,6.5,5.8,5.2,6.4,6.4,6.2
23/03/2021 15:03:41,7.8,7.4,5.1,5.6,5.6,5.6
23/03/2021 15:03:47,10.3,6.1,5,6.4,6.4,6.2
23/03/2021 15:03:53,6.9,6.7,5.4,5.8,5.8,5.7
23/03/2021 15:03:59,6.1,5.8,4.8,6.3,6.3,6.2
23/03/2021 15:04:05,7,6.7,5.4,6.4,6.4,6.3
23/03/2021 15:04:11,11.2,6.8,5.3,6.2,6.1,5.7
23/03/2021 15:04:17,5.7,5.7,5.7,6,6,6
23/03/2021 15:04:23,5.5,5.5,5.3,5.7,5.7,5.7
23/03/2021 15:04:29,4.9,4.9,4.9,6.2,6.1,5.7
23/03/2021 15:04:35,9.3,6.5,5.4,6.5,6.5,6.4
23/03/2021 15:04:41,9.4,6.1,5.5,6.5,6.5,6
23/03/2021 15:04:47,8.7,7.7,5.6,6.3,6.3,6.2
23/03/2021 15:04:53,7.9,6.5,5.7,6.3,6.1,5.6
23/03/2021 15:04:59,8.7,6.7,5.6,5.5,5.5,5.5
23/03/2021 15:05:05,6.4,6.4,5.7,5.5,5.5,5.5
23/03/2021 15:05:11,7.9,6.3,5,6.2,6.2,6.2
23/03/2021 15:05:17,9.6,8.4,5.7,5.5,5.5,5.5
23/03/2021 15:05:23,8.7,6.9,5.3,5.8,5.8,5.8
23/03/2021 15:05:29,8.1,6.2,5.4,6.3,6.3,6.2
23/03/2021 15:05:35,6,6,5.6,6.1,6.1,6
23/03/2021 15:05:41,10.4,7.2,5.9,5.9,5.9,5.9
23/03/2021 15:05:47,11.5,8.2,5.1,5.8,5.8,5.8
23/03/2021 15:05:53,5.4,5.4,5.3,5.8,5.8,5.8
23/03/2021 15:05:59,9.1,8.3,5.9,5.9,5.9,5.9
23/03/2021 15:06:05,5.2,5.2,5.2,6.4,6.4,6.1
23/03/2021 15:06:11,7.9,6.3,4.9,6,6,6
23/03/2021 15:06:17,6.6,6.5,5.2,6.2,6.2,6.2
23/03/2021 15:06:23,6.7,6,5.1,6.3,6.3,6.3
23/03/2021 15:06:29,9.7,6.5,5.5,5.6,5.6,5.6
23/03/2021 15:06:35,10.7,6.8,5.2,6,6,5.7
23/03/2021 15:06:41,12.3,6.8,5.5,6.5,6.5,6.5
23/03/2021 15:06:47,11.1,7.3,5.5,5.6,5.6,5.6
23/03/2021 15:06:53,10.1,7.7,5.7,5.7,5.7,5.5
23/03/2021 15:06:59,14.1,6.3,5.3,6.2,6.2,6.2
23/03/2021 15:07:05,13,7.8,5.5,6.3,6.3,5.9
23/03/2021 15:07:11,10.1,7.5,5.4,5.8,5.8,5.5
23/03/2021 15:07:17,10.1,7.7,5.2,6.8,6.7,6
23/03/2021 15:07:23,9.3,7.1,5.6,5.8,5.8,5.7
23/03/2021 15:07:29,9.9,8.3,5.8,6.9,6.8,6.3
23/03/2021 15:07:35,7.6,6.5,5,6.1,6.1,5.9
23/03/2021 15:07:41,10.6,5.9,4.8,6.1,6.1,6.1
23/03/2021 15:07:47,8.6,7.3,5.3,5.8,5.8,5.8
23/03/2021 15:07:53,13.9,9,5.2,6.1,6.1,6.1
23/03/2021 15:07:59,8.1,7.1,5,6.1,6.1,6
23/03/2021 15:08:05,11.9,7.9,5.2,6,6,5.7
23/03/2021 15:08:11,10.5,8.5,5.4,6.6,6.6,6.1
23/03/2021 15:08:17,7.1,6.1,5.5,6,6,6
23/03/2021 15:08:23,6.6,6.2,5,6.7,6.6,6
23/03/2021 15:08:29,5.3,5.3,5,7,6.8,6.2
23/03/2021 15:08:35,7.4,6.1,5,6,6,5.9
23/03/2021 15:08:41,8.6,6.4,5.2,5.9,5.9,5.9
23/03/2021 15:08:47,4.9,4.9,4.6,6.3,6.3,6.3
23/03/2021 15:08:53,8.5,6.6,5.1,6,6,5.9
23/03/2021 15:08:59,14.3,5.9,5.1,5.8,5.8,5.8
23/03/2021 15:09:05,8.8,8.2,6.2,6.3,6.3,6.2
23/03/2021 15:09:11,8,5.9,5.1,6.1,6.1,6.1
23/03/2021 15:09:17,8.2,5.3,4.8,5.8,5.8,5.8
23/03/2021 15:09:23,7.9,5.9,5.2,6.3,6.3,6.3
23/03/2021 15:09:29,11.2,6,5.4,5.5,5.5,5.5
23/03/2021 15:09:35,7.1,6.5,5.1,6.2,6.2,6.1
23/03/2021 15:09:41,8.1,7.4,5.4,5.7,5.7,5.7
23/03/2021 15:09:47,9.8,7.1,5.2,6.3,6.3,6
23/03/2021 15:09:53,10.4,7.8,5.1,6.1,6.1,5.9
23/03/2021 15:09:59,15.2,7.9,5.6,6.1,6.1,6
23/03/2021 15:10:05,5.3,5.3,5.3,6.2,6.2,6.2
23/03/2021 15:10:11,13.5,6.6,5.1,5.6,5.6,5.6
23/03/2021 15:10:17,8.5,6.2,5.2,5.5,5.5,5.5
23/03/2021 15:10:23,10,6.5,5.3,7.3,7.1,6.1
23/03/2021 15:10:29,9.1,7.8,5.4,6,6,5.8
23/03/2021 15:10:35,19.6,8.5,5.7,6,6,5.9
23/03/2021 15:10:41,12.4,7.6,5.4,6.1,6.1,5.9
23/03/2021 15:10:47,29.2,8.1,5.5,6.9,6.7,6.1
23/03/2021 15:10:53,23.9,9,5.5,5.4,5.4,5.4
23/03/2021 15:10:59,25.7,9.9,6.2,6.4,6.3,5.8
23/03/2021 15:11:05,10.9,5.6,5.1,6,6,5.9
23/03/2021 15:11:11,11,8.6,5.2,5.6,5.6,5.6
23/03/2021 15:11:17,11.6,6.3,5.3,6.4,6.4,6.3
23/03/2021 15:11:23,12.4,6.3,5.5,5.9,5.9,5.7
23/03/2021 15:11:29,15.3,7.2,5.1,6.6,6.6,6.3
23/03/2021 15:11:35,21.9,7.6,5.6,6,6,5.8
23/03/2021 15:11:41,26.8,6.6,5.7,6.1,6.1,5.6
23/03/2021 15:11:47,14.7,7.8,5.7,6.3,6.3,5.7
23/03/2021 15:11:53,10.8,7.9,5.4,6.2,6.1,5.6
23/03/2021 15:11:59,9.3,7.8,5.4,5.7,5.7,5.6
23/03/2021 15:12:05,13.8,5.9,5.1,6.2,6.2,6.1
23/03/2021 15:12:11,11.1,6.4,5.2,6,6,5.9
23/03/2021 15:12:17,5.2,5.2,5.1,5.7,5.7,5.7
23/03/2021 15:12:23,14.3,5.8,5.5,5.5,5.5,5.4
23/03/2021 15:12:29,8.5,6.3,5.2,5.4,5.4,5.4
23/03/2021 15:12:35,12.5,7.9,4.8,6.1,6.1,6.1
23/03/2021 15:12:41,13,8.1,5.6,5.8,5.8,5.8
23/03/2021 15:12:47,5.3,5.3,5.1,5.7,5.7,5.7
23/03/2021 15:12:53,11.8,5.7,4.9,5.6,5.6,5.6
23/03/2021 15:12:59,19,7.1,5.6,5.6,5.6,5.6
23/03/2021 15:13:05,8.5,7,5.6,6.3,6.3,6.3
23/03/2021 15:13:11,11.3,7,5.5,5.7,5.7,5.6
23/03/2021 15:13:17,10.6,5.4,5.1,6.3,6.3,6.1
23/03/2021 15:13:24,13.2,7.6,5.4,5.4,5.4,5.3
23/03/2021 15:13:29,12,6,5.3,6,6,6
23/03/2021 15:13:35,14.5,7.7,5.6,5.5,5.5,5.5
23/03/2021 15:13:41,10.2,5.4,5.1,7,7,6.3
23/03/2021 15:13:47,6.4,6.1,5.2,6.3,6.3,6.2
23/03/2021 15:13:53,6.6,6.4,5.5,6,6,6
23/03/2021 15:13:59,10.6,8.8,4.9,5.8,5.8,5.8
23/03/2021 15:14:05,10.9,7.6,5.9,5.9,5.9,5.9
23/03/2021 15:14:11,10.8,5.6,5.2,6.9,6.9,6.3
23/03/2021 15:14:17,6,6,5.7,6.4,6.4,6.4
23/03/2021 15:14:23,19.1,8.2,5.4,6,6,5.9
23/03/2021 15:14:29,10.9,8.5,5.8,6.4,6.4,5.9
23/03/2021 15:14:35,12.9,6,5.3,6,6,5.8
23/03/2021 15:14:41,5.8,5.8,5.3,5.6,5.6,5.6
23/03/2021 15:14:47,12.5,5.3,5.2,5.4,5.4,5.4
23/03/2021 15:14:53,13.4,6.2,5.5,6,5.9,5.5
23/03/2021 15:14:59,10.2,6.6,5.6,6.1,6.1,6.1
23/03/2021 15:15:05,10.9,6.3,5.4,6.2,6.2,6
23/03/2021 15:15:11,5.9,5.9,5.3,6.6,6.5,6
23/03/2021 15:15:17,9.4,7,6,6,6,6
23/03/2021 15:15:23,12.4,6,5.2,5.7,5.7,5.6
23/03/2021 15:15:29,16.6,8.7,5.5,6,6,6
23/03/2021 15:15:35,5.8,5.8,5.5,6.4,6.3,5.8
23/03/2021 15:15:41,5,5,5,6.3,6.3,6.3
23/03/2021 15:15:47,6.5,5.6,4.9,6.6,6.6,6.6
23/03/2021 15:15:53,10.2,7.4,5.2,6.1,6.1,5.8
23/03/2021 15:15:59,5.4,5.4,5.2,6.1,6.1,6.1
23/03/2021 15:16:05,11.9,6.3,5.5,6.2,6.2,6.2
23/03/2021 15:16:11,10.6,6.5,5.6,6.8,6.6,6.1
23/03/2021 15:16:17,5.4,5.4,5.3,6.3,6.3,6.1
23/03/2021 15:16:23,5.4,5.4,5.3,6.5,6.5,6.5
23/03/2021 15:16:29,9.1,7.9,5.3,5.9,5.9,5.8
23/03/2021 15:16:35,8.7,6.2,5.4,6.2,6.2,5.9
23/03/2021 15:16:41,11.7,10.3,5.6,5.9,5.9,5.9
23/03/2021 15:16:47,9.8,8.6,5.5,6.4,6.4,6.1
23/03/2021 15:16:53,5.1,5.1,4.8,6.1,6.1,6.1
23/03/2021 15:16:59,13.3,7.5,5.4,6.1,6.1,6
23/03/2021 15:17:05,11.6,7.7,5.1,6.5,6.5,6
23/03/2021 15:17:11,7.5,6.6,5.8,6.1,6.1,6.1
23/03/2021 15:17:17,8.5,5.2,5,5.9,5.9,5.9
23/03/2021 15:17:23,5.8,5.8,5.5,6.2,6.2,6.2
23/03/2021 15:17:29,12,7.9,5.3,6.1,6.1,6.1
23/03/2021 15:17:35,9.3,6.8,5.2,7.1,7.1,6.7
23/03/2021 15:17:41,7.2,5.9,5.1,6.7,6.6,6.2
23/03/2021 15:17:47,5.4,5.4,5.2,6.3,6.3,6.3
23/03/2021 15:17:53,10.6,8.6,5.8,6.2,6.2,6.2
23/03/2021 15:17:59,7.3,5.9,5.2,7.2,7.1,6.5
23/03/2021 15:18:05,7.2,6.6,5.3,6.2,6.2,6.1
23/03/2021 15:18:11,6.4,5.6,4.9,5.9,5.9,5.9
23/03/2021 15:18:17,9.8,8.2,5.8,6.5,6.5,6.2
23/03/2021 15:18:23,7.1,6.7,5.2,6.4,6.4,6.2
23/03/2021 15:18:29,9.7,6.3,5.2,6.4,6.4,6.4
23/03/2021 15:18:35,7.5,6.8,5.5,5.9,5.9,5.9
23/03/2021 15:18:41,8.1,6.8,5.3,6.4,6.4,6.3
23/03/2021 15:18:47,9.1,7.8,5.1,7,6.9,5.9
23/03/2021 15:18:53,8.9,6.8,5.9,6.3,6.3,6.2
23/03/2021 15:18:59,7.2,6.8,5.9,6.3,6.3,6.3
23/03/2021 15:19:05,8.3,7.6,6,6.7,6.7,6.5
23/03/2021 15:19:11,13.2,6.6,5.3,6.4,6.4,6.4
23/03/2021 15:19:17,9.9,7.4,4.9,7,7,6.5
23/03/2021 15:19:23,8.1,5.5,5.1,6,6,6
23/03/2021 15:19:29,8.4,7.6,5.3,5.9,5.9,5.9
23/03/2021 15:19:35,7.6,6.6,5.8,6.4,6.4,6.4
23/03/2021 15:19:41,13.8,5.2,4.9,5.9,5.9,5.9
23/03/2021 15:19:47,5.5,5.5,5.1,6.2,6.2,6.2
23/03/2021 15:19:53,17,5.5,5.5,6.5,6.5,6.5
23/03/2021 15:19:59,8.8,6.3,5.3,6.3,6.3,6.3
23/03/2021 15:20:05,8.5,5.7,5.2,6,6,5.8
23/03/2021 15:20:11,6.9,6.3,5.5,6.4,6.4,6.4
23/03/2021 15:20:17,8.5,7.4,5.9,6.1,6.1,6.1
23/03/2021 15:20:23,9,5.7,5.3,5.8,5.8,5.8
23/03/2021 15:20:29,6.8,6.5,5.6,6.4,6.4,6.4
23/03/2021 15:20:35,8.3,6.6,5.5,6.9,6.9,6.6
23/03/2021 15:20:41,5.7,5.7,5.4,6.7,6.7,6.7
23/03/2021 15:20:47,5.3,5.3,5.3,6.2,6.2,6.2
23/03/2021 15:20:53,5.8,5.8,5.5,6.7,6.7,6.3
23/03/2021 15:20:59,7.3,6.2,5.5,6.2,6.2,6.2
23/03/2021 15:21:05,6.9,6.5,5.2,6.4,6.4,6.3
23/03/2021 15:21:11,8.9,6.1,5.7,6.3,6.3,6.3
23/03/2021 15:21:17,5.6,5.6,5,6.3,6.3,6.3
23/03/2021 15:21:23,7.3,6.6,5.3,6.1,6.1,6.1
23/03/2021 15:21:29,4.9,4.9,4.9,6.5,6.5,6.5
23/03/2021 15:21:35,7.5,7.2,5.2,6.7,6.7,6.5
23/03/2021 15:21:41,6.1,5.8,5.2,6.4,6.4,6.3
23/03/2021 15:21:47,5.6,5.6,5.3,6.6,6.6,6.1
23/03/2021 15:21:53,11.7,6.4,5.5,6,6,5.8
23/03/2021 15:21:59,5.4,5.4,5.3,6.5,6.5,6.3
23/03/2021 15:22:05,17.1,6.8,5.3,6.9,6.9,6.8
23/03/2021 15:22:11,5.2,5.2,5.2,6.3,6.3,6.1
23/03/2021 15:22:17,5.6,5.6,5.4,6.1,6.1,6.1
23/03/2021 15:22:23,9.7,6.3,4.8,6.2,6.2,6.1
23/03/2021 15:22:29,10.6,5.8,5.1,6.2,6.2,6.2
23/03/2021 15:22:35,9.6,6.3,5.5,6.2,6.2,6.1
23/03/2021 15:22:41,5,5,5,6.7,6.7,6.2
23/03/2021 15:22:47,6.2,5.9,5.2,6.6,6.6,6.6
23/03/2021 15:22:53,6.2,6.2,5.7,6.9,6.9,6.9
23/03/2021 15:22:59,10.9,6.6,5.3,7,7,6.8
23/03/2021 15:23:05,7.5,6.6,5.1,6.1,6.1,6
23/03/2021 15:23:11,7.5,6.7,6,6.3,6.3,6.3
23/03/2021 15:23:17,8.4,6.4,5.5,6.9,6.9,6.3
23/03/2021 15:23:23,18.5,10.1,5.9,6.2,6.2,6.2
23/03/2021 15:23:29,9.2,6,5.6,6.2,6.2,6.2
23/03/2021 15:23:35,6.8,5.5,5,7.6,7.6,6.8
23/03/2021 15:23:41,5.6,5.6,5.2,6.9,6.8,6.1
23/03/2021 15:23:47,7.5,5.7,5,6.2,6.2,6.2
23/03/2021 15:23:53,5.4,5.4,5.1,6.4,6.4,6.4
23/03/2021 15:23:59,8.6,7.2,5.5,6.7,6.7,6.6
23/03/2021 15:24:05,5.6,5.6,5.4,6.6,6.6,6.5
23/03/2021 15:24:11,7.4,6.9,5,6,6,6
23/03/2021 15:24:17,7.4,6.2,5.3,5.9,5.9,5.9
23/03/2021 15:24:23,8.5,7.9,5.4,6.4,6.4,6.4
23/03/2021 15:24:29,8.9,5.9,5,6.4,6.4,6.4
23/03/2021 15:24:35,10.4,6.8,5.4,6.3,6.3,6.3
23/03/2021 15:24:41,7.3,6.3,5.2,5.9,5.9,5.9
23/03/2021 15:24:47,6.5,6.1,5.2,5.7,5.7,5.6
23/03/2021 15:24:53,5.7,5.7,5.2,6.6,6.6,6.5
23/03/2021 15:24:59,8.5,5.9,5.2,6.2,6.2,6.1
23/03/2021 15:25:05,6.9,6.5,5.1,6.3,6.3,6.3
23/03/2021 15:25:11,5.5,5.5,5.2,6.5,6.5,6.5
23/03/2021 15:25:17,8.5,6.5,5.1,6.1,6.1,5.8
23/03/2021 15:25:23,5.3,5.3,5,6.1,6.1,6
23/03/2021 15:25:29,7.3,6.4,5.6,6,6,5.8
23/03/2021 15:25:35,8.1,6.8,5.3,6.1,6.1,6
23/03/2021 15:25:41,7.4,6.3,5.6,5.5,5.5,5.5
23/03/2021 15:25:47,12,6.9,5.6,6.3,6.3,6.3
23/03/2021 15:25:53,8.1,6.9,5.3,6.1,6.1,6
23/03/2021 15:25:59,10.6,5.5,5,6.1,6.1,6.1
23/03/2021 15:26:05,8.4,6.2,5.4,6.6,6.6,6.6
23/03/2021 15:26:11,5.2,5.2,5.2,6.2,6.2,6.2
23/03/2021 15:26:17,6.4,6.1,5.5,5.5,5.5,5.5
23/03/2021 15:26:23,10.2,6.3,5.3,6.4,6.4,6.1
23/03/2021 15:26:29,6.9,6.2,5.5,6.3,6.3,6.3
23/03/2021 15:26:35,5.1,5.1,4.8,6.1,6.1,6.1
23/03/2021 15:26:41,6.9,6.2,5.1,6.3,6.3,6.3
23/03/2021 15:26:47,7.2,6.6,5.7,6.2,6.2,6.1
23/03/2021 15:26:53,7.9,6.4,5.1,6.1,6.1,5.6
23/03/2021 15:26:59,7.6,6.1,5.2,6.1,6.1,6.1
23/03/2021 15:27:05,7.8,6.9,5.8,6.1,6.1,5.9
23/03/2021 15:27:11,9.1,6.3,5.6,6,6,6
23/03/2021 15:27:17,10.7,8.3,5.9,5.9,5.9,5.9
23/03/2021 15:27:23,7.2,6.2,5,5.9,5.9,5.9
23/03/2021 15:27:29,5.5,5.5,5.4,6.1,6.1,5.9
23/03/2021 15:27:35,9.3,6.1,5.6,6,5.9,5.4
23/03/2021 15:27:41,10.3,6.5,5.1,6.9,6.7,6.1
23/03/2021 15:27:47,11.9,5.6,5.3,6.6,6.5,5.9
23/03/2021 15:27:53,7.9,5.9,5.2,5.6,5.6,5.6
23/03/2021 15:27:59,7.7,6.5,5.5,5.9,5.9,5.9
23/03/2021 15:28:05,12.2,7.1,5.5,6.6,6.6,6.4
23/03/2021 15:28:11,5.1,5.1,4.9,6.1,6.1,6.1
23/03/2021 15:28:17,7.6,7.3,5.6,6.3,6.3,6.1
23/03/2021 15:28:23,9.1,7.2,5.5,5.6,5.6,5.4
23/03/2021 15:28:29,5.4,5.4,5.1,6.1,6.1,6
23/03/2021 15:28:35,8,6,5.4,6,6,6
23/03/2021 15:28:41,8.1,7.1,5.3,6.3,6.3,6.3
23/03/2021 15:28:47,6,6,5.5,6,6,6
23/03/2021 15:28:53,10.7,9.2,5.9,6.2,6.2,6.2
23/03/2021 15:28:59,5.8,5.8,5.6,6,6,6
23/03/2021 15:29:05,7.7,7,5.6,5.8,5.8,5.8
23/03/2021 15:29:11,12.6,6.9,5.1,6.7,6.7,6.4
23/03/2021 15:29:17,10.2,7.4,5.6,6,6,6
23/03/2021 15:29:23,12.1,6.4,5.5,6.5,6.5,6.4
23/03/2021 15:29:29,6,6,5.7,6.5,6.3,5.7
23/03/2021 15:29:35,8.8,6.2,5.5,5.9,5.9,5.9
23/03/2021 15:29:41,7.5,7,5.4,6.6,6.6,6.6
23/03/2021 15:29:47,5.8,5.8,5.6,6.4,6.4,6.3
23/03/2021 15:29:53,5.7,5.7,5.5,6.4,6.4,6.1
23/03/2021 15:29:59,7.4,6.6,5.7,6.8,6.7,6.2
23/03/2021 15:30:05,5.1,5.1,5.1,6.2,6.2,6.2
23/03/2021 15:30:11,7.5,6.3,5.5,6.1,6.1,6.1
23/03/2021 15:30:17,8.7,5.9,5.6,6.6,6.5,5.9
23/03/2021 15:30:23,9.1,6.4,5.2,6,6,6
23/03/2021 15:30:29,31.1,12.6,5.3,5.8,5.8,5.8
23/03/2021 15:30:36,60.8,13.4,5.6,6.2,6.2,6.1
23/03/2021 15:30:41,64.1,12.5,5.5,5.9,5.9,5.9
